1,a,2020-06-26 23:17:01.054203+00,2020-06-26 23:17:01.054233+00
2,b,2020-06-26 23:17:04.6054+00,2020-06-26 23:17:04.605431+00
3,c,2020-06-26 23:17:06.208386+00,2020-06-26 23:17:06.208419+00
4,d,2020-06-26 23:17:07.307665+00,2020-06-26 23:17:07.307685+00
5,e,2020-06-26 23:17:08.458732+00,2020-06-26 23:17:08.458752+00
6,f,2020-06-26 23:17:10.061613+00,2020-06-26 23:17:10.061638+00
7,g,2020-06-26 23:17:11.792104+00,2020-06-26 23:17:11.792135+00
8,h,2020-06-26 23:17:12.97814+00,2020-06-26 23:17:12.97816+00
9,i,2020-06-26 23:17:14.151202+00,2020-06-26 23:17:14.151234+00
10,j,2020-06-26 23:17:15.85957+00,2020-06-26 23:17:15.85959+00
11,k,2020-06-26 23:17:17.260935+00,2020-06-26 23:17:17.260957+00
12,l,2020-06-26 23:17:18.840146+00,2020-06-26 23:17:18.840169+00
13,m,2020-06-26 23:17:20.342929+00,2020-06-26 23:17:20.342955+00
14,n,2020-06-26 23:17:22.457797+00,2020-06-26 23:17:22.457827+00
15,Ã±,2020-06-26 23:17:30.374821+00,2020-06-26 23:17:30.37484+00
16,o,2020-06-26 23:17:32.6745+00,2020-06-26 23:17:32.674524+00
17,p,2020-06-26 23:17:33.881383+00,2020-06-26 23:17:33.881405+00
18,q,2020-06-26 23:17:35.526578+00,2020-06-26 23:17:35.526599+00
19,r,2020-06-26 23:17:36.853667+00,2020-06-26 23:17:36.853689+00
20,s,2020-06-26 23:17:37.876025+00,2020-06-26 23:17:37.876048+00
21,t,2020-06-26 23:17:39.376282+00,2020-06-26 23:17:39.376309+00
22,u,2020-06-26 23:17:40.856564+00,2020-06-26 23:17:40.856719+00
23,v,2020-06-26 23:17:42.339863+00,2020-06-26 23:17:42.33989+00
24,w,2020-06-26 23:17:43.605171+00,2020-06-26 23:17:43.605193+00
25,x,2020-06-26 23:17:44.805839+00,2020-06-26 23:17:44.805864+00
26,y,2020-06-26 23:17:46.471677+00,2020-06-26 23:17:46.471701+00
27,z,2020-06-26 23:17:48.083611+00,2020-06-26 23:17:48.083635+00
